Date,PE Ratio
29/2/2024,66.31
28/2/2024,65.1
27/2/2024,65.97
26/2/2024,66.3
23/2/2024,66.07
22/2/2024,65.83
21/2/2024,56.56
20/2/2024,58.22
16/2/2024,60.87
15/2/2024,60.9
14/2/2024,61.94
13/2/2024,60.46
12/2/2024,60.56
9/2/2024,60.46
8/2/2024,58.37
7/2/2024,58.76
6/2/2024,57.19
5/2/2024,58.12
2/2/2024,55.46
1/2/2024,52.83
31/1/2024,51.57
30/1/2024,82.82
29/1/2024,82.41
26/1/2024,80.52
25/1/2024,81.29
24/1/2024,80.95
23/1/2024,78.99
22/1/2024,78.7
19/1/2024,78.48
18/1/2024,75.34
17/1/2024,73.95
16/1/2024,74.38
12/1/2024,72.18
11/1/2024,72.32
10/1/2024,71.7
9/1/2024,70.11
8/1/2024,68.94
5/1/2024,64.77
4/1/2024,63.32
3/1/2024,62.76
2/1/2024,63.55
29/12/2023,65.33
28/12/2023,65.33
27/12/2023,65.19
26/12/2023,65.01
22/12/2023,64.42
21/12/2023,64.63
20/12/2023,63.47
19/12/2023,65.44
18/12/2023,66.06
15/12/2023,64.5
14/12/2023,63.79
13/12/2023,63.44
12/12/2023,62.87
11/12/2023,61.51
8/12/2023,62.67
7/12/2023,61.47
6/12/2023,60.03
5/12/2023,61.43
4/12/2023,60.04
1/12/2023,61.7
30/11/2023,61.7
29/11/2023,63.51
28/11/2023,63.09
27/11/2023,63.64
24/11/2023,63.03
22/11/2023,64.27
21/11/2023,65.89
20/11/2023,66.5
17/11/2023,65.04
16/11/2023,65.28
15/11/2023,64.5
14/11/2023,65.51
13/11/2023,64.14
10/11/2023,63.77
9/11/2023,61.94
8/11/2023,61.44
7/11/2023,60.63
6/11/2023,60.36
3/11/2023,59.37
2/11/2023,57.4
1/11/2023,55.84
31/10/2023,53.8
30/10/2023,99.42
27/10/2023,97.83
26/10/2023,97.41
25/10/2023,100.92
24/10/2023,105.47
23/10/2023,103.8
20/10/2023,99.97
19/10/2023,101.69
18/10/2023,101.92
17/10/2023,106.13
16/10/2023,111.34
13/10/2023,109.81
12/10/2023,113.39
11/10/2023,113.06
10/10/2023,110.62
9/10/2023,109.36
6/10/2023,110.54
5/10/2023,107.94
4/10/2023,106.38
3/10/2023,105.11
2/10/2023,108.17
29/9/2023,105.07
28/9/2023,104.08
27/9/2023,102.58
26/9/2023,101.23
25/9/2023,101.99
22/9/2023,100.51
21/9/2023,99.07
20/9/2023,102.03
19/9/2023,105.12
18/9/2023,106.2
15/9/2023,106.04
14/9/2023,110.1
13/9/2023,109.87
12/9/2023,108.38
11/9/2023,109.13
8/9/2023,110.08
7/9/2023,111.69
6/9/2023,113.67
5/9/2023,117.27
1/9/2023,117.17
31/8/2023,119.22
30/8/2023,119
29/8/2023,117.84
28/8/2023,113.13
25/8/2023,111.15
24/8/2023,113.92
23/8/2023,113.81
22/8/2023,110.31
21/8/2023,113.45
18/8/2023,104.59
17/8/2023,104.69
16/8/2023,105.04
15/8/2023,106.14
14/8/2023,105.68
11/8/2023,98.68
10/8/2023,102.39
9/8/2023,102.79
8/8/2023,107.88
7/8/2023,109.7
4/8/2023,107.92
3/8/2023,107.52
2/8/2023,106.93
1/8/2023,112.34
31/7/2023,112.87
28/7/2023,243.49
27/7/2023,239.06
26/7/2023,236.73
25/7/2023,237.91
24/7/2023,232.35
21/7/2023,230.78
20/7/2023,237.08
19/7/2023,245.19
18/7/2023,247.36
17/7/2023,241.98
14/7/2023,236.82
13/7/2023,239.46
12/7/2023,228.66
11/7/2023,220.86
10/7/2023,219.69
7/7/2023,221.37
6/7/2023,219.29
5/7/2023,220.4
3/7/2023,220.9
30/6/2023,220.32
29/6/2023,212.61
28/6/2023,214.15
27/6/2023,218.1
26/6/2023,211.62
23/6/2023,219.84
22/6/2023,224.09
21/6/2023,224.19
20/6/2023,228.17
16/6/2023,222.35
15/6/2023,222.15
14/6/2023,223.94
13/6/2023,213.66
12/6/2023,205.64
9/6/2023,201.93
8/6/2023,200.57
7/6/2023,195.18
6/6/2023,201.32
5/6/2023,204.02
2/6/2023,204.83
1/6/2023,207.14
31/5/2023,197.05
30/5/2023,208.91
26/5/2023,202.84
25/5/2023,197.81
24/5/2023,159.05
23/5/2023,159.83
22/5/2023,162.38
19/5/2023,162.83
18/5/2023,164.99
17/5/2023,157.18
16/5/2023,152.15
15/5/2023,150.8
12/5/2023,147.6
11/5/2023,148.84
10/5/2023,150.44
9/5/2023,148.81
8/5/2023,151.83
5/5/2023,149.38
4/5/2023,143.55
3/5/2023,144.8
2/5/2023,146.93
1/5/2023,150.57
30/4/2023,144.53
28/4/2023,159.48
27/4/2023,156.47
26/4/2023,154.92
25/4/2023,150.81
24/4/2023,155.41
21/4/2023,155.86
20/4/2023,155.77
19/4/2023,160.52
18/4/2023,159.01
17/4/2023,155.18
14/4/2023,153.78
13/4/2023,152.09
12/4/2023,152.27
11/4/2023,156.14
10/4/2023,158.5
6/4/2023,155.39
5/4/2023,154.49
4/4/2023,157.78
3/4/2023,160.72
31/3/2023,159.64
30/3/2023,157.37
29/3/2023,155.08
28/3/2023,151.78
27/3/2023,152.48
24/3/2023,153.9
23/3/2023,156.27
22/3/2023,152.11
21/3/2023,150.57
20/3/2023,148.85
17/3/2023,147.84
16/3/2023,146.79
15/3/2023,139.24
14/3/2023,138.29
13/3/2023,131.99
10/3/2023,131.98
9/3/2023,134.69
8/3/2023,138.97
7/3/2023,133.84
6/3/2023,135.37
3/3/2023,137.3
2/3/2023,133.99
1/3/2023,130.45
28/2/2023,133.43
27/2/2023,135.06
24/2/2023,133.83
23/2/2023,136
22/2/2023,119.28
21/2/2023,118.71
17/2/2023,122.92
16/2/2023,126.45
15/2/2023,130.83
14/2/2023,132.02
13/2/2023,125.22
10/2/2023,122.21
9/2/2023,128.37
8/2/2023,127.61
7/2/2023,127.43
6/2/2023,121.2
3/2/2023,121.26
2/2/2023,124.76
1/2/2023,120.36
31/1/2023,112.28
30/1/2023,81.54
27/1/2023,86.66
26/1/2023,84.26
25/1/2023,82.23
24/1/2023,81.98
23/1/2023,81.67
20/1/2023,75.91
19/1/2023,71.34
18/1/2023,73.94
17/1/2023,75.33
13/1/2023,71.91
12/1/2023,70.26
11/1/2023,68.09
10/1/2023,67.7
9/1/2023,66.5
6/1/2023,63.23
5/1/2023,60.7
4/1/2023,62.76
3/1/2023,60.91
30/12/2022,62.19
29/12/2022,62.14
28/12/2022,59.73
27/12/2022,60.09
23/12/2022,64.71
22/12/2022,65.27
21/12/2022,70.22
20/12/2022,68.45
19/12/2022,69.17
16/12/2022,70.51
15/12/2022,72.14
14/12/2022,75.21
13/12/2022,76.9
12/12/2022,74.62
9/12/2022,72.34
8/12/2022,73.06
7/12/2022,68.6
6/12/2022,68.03
5/12/2022,70.68
2/12/2022,71.81
1/12/2022,72.91
30/11/2022,72.01
29/11/2022,66.55
28/11/2022,67.35
25/11/2022,69.23
23/11/2022,70.29
22/11/2022,68.25
21/11/2022,65.18
18/11/2022,65.57
17/11/2022,66.71
16/11/2022,67.7
15/11/2022,70.92
14/11/2022,69.34
11/11/2022,69.48
10/11/2022,67.02
9/11/2022,58.62
8/11/2022,62.14
7/11/2022,60.86
4/11/2022,60.24
3/11/2022,57.11
2/11/2022,56.25
1/11/2022,57.63
31/10/2022,57.43
28/10/2022,45.36
27/10/2022,43.2
26/10/2022,42.28
25/10/2022,43.48
24/10/2022,41.31
21/10/2022,40.87
20/10/2022,39.98
19/10/2022,39.51
18/10/2022,39.24
17/10/2022,38.98
14/10/2022,36.81
13/10/2022,39.21
12/10/2022,37.7
11/10/2022,37.99
10/10/2022,38.26
7/10/2022,39.59
6/10/2022,43.05
5/10/2022,43.31
4/10/2022,43.17
3/10/2022,41.02
30/9/2022,39.8
29/9/2022,40.07
28/9/2022,41.76
27/9/2022,40.7
26/9/2022,40.09
23/9/2022,41.04
22/9/2022,41.18
21/9/2022,43.48
20/9/2022,43.2
19/9/2022,43.88
16/9/2022,43.27
15/9/2022,42.39
14/9/2022,43.04
13/9/2022,43.05
12/9/2022,47.56
9/9/2022,47.17
8/9/2022,45.87
7/9/2022,44.96
6/9/2022,44.15
2/9/2022,44.74
1/9/2022,45.7
31/8/2022,49.49
30/8/2022,50.71
29/8/2022,51.81
26/8/2022,53.31
25/8/2022,58.73
24/8/2022,56.47
23/8/2022,56.33
22/8/2022,55.85
19/8/2022,58.52
18/8/2022,61.55
17/8/2022,60.11
16/8/2022,61.9
15/8/2022,62.4
12/8/2022,61.34
11/8/2022,58.83
10/8/2022,59.33
9/8/2022,56.02
8/8/2022,58.34
5/8/2022,62.26
4/8/2022,63
3/8/2022,61.94
2/8/2022,60.74
1/8/2022,60.46
31/7/2022,59.55
29/7/2022,48.69
28/7/2022,48.21
27/7/2022,47.69
26/7/2022,44.32
25/7/2022,45.64
22/7/2022,46.43
21/7/2022,48.39
20/7/2022,47.74
19/7/2022,45.56
18/7/2022,43.17
15/7/2022,42.26
14/7/2022,41.21
13/7/2022,40.65
12/7/2022,40.43
11/7/2022,40.62
8/7/2022,42.46
7/7/2022,42.51
6/7/2022,40.56
5/7/2022,40.12
1/7/2022,38.94
30/6/2022,40.64
29/6/2022,41.67
28/6/2022,42.85
27/6/2022,45.23
24/6/2022,45.91
23/6/2022,43.5
22/6/2022,43.86
21/6/2022,44.41
17/6/2022,42.57
16/6/2022,41.83
15/6/2022,44.31
14/6/2022,42.46
13/6/2022,41.95
10/6/2022,45.51
9/6/2022,48.39
8/6/2022,49.99
7/6/2022,50.74
6/6/2022,50.36
3/6/2022,50.19
2/6/2022,52.53
1/6/2022,49.12
31/5/2022,50.06
27/5/2022,50.43
26/5/2022,47.86
25/5/2022,45.51
24/5/2022,43.31
23/5/2022,45.3
20/5/2022,44.76
19/5/2022,45.91
18/5/2022,45.41
17/5/2022,48.73
16/5/2022,46.28
13/5/2022,47.47
12/5/2022,43.36
11/5/2022,44.58
10/5/2022,47.17
9/5/2022,45.44
6/5/2022,50.07
5/5/2022,50.52
4/5/2022,54.51
3/5/2022,52.55
2/5/2022,52.37
30/4/2022,49.72
29/4/2022,48.17
28/4/2022,51.38
27/4/2022,47.83
26/4/2022,48.8
25/4/2022,51.69
22/4/2022,50.69
21/4/2022,52.42
20/4/2022,55.8
19/4/2022,57.66
18/4/2022,56.58
14/4/2022,55.22
13/4/2022,57.67
12/4/2022,55.85
11/4/2022,56.93
8/4/2022,60.05
7/4/2022,62.88
6/4/2022,63.39
5/4/2022,67.35
4/4/2022,71.06
1/4/2022,69.38
31/3/2022,70.87
30/3/2022,71.92
29/3/2022,74.43
28/3/2022,73.3
25/3/2022,71.93
24/3/2022,73.12
23/3/2022,66.58
22/3/2022,68.89
21/3/2022,69.44
18/3/2022,68.71
17/3/2022,64.33
16/3/2022,63.63
15/3/2022,59.67
14/3/2022,55.4
11/3/2022,57.4
10/3/2022,58.85
9/3/2022,59.78
8/3/2022,55.88
7/3/2022,55.46
4/3/2022,59.57
3/3/2022,61.59
2/3/2022,62.91
1/3/2022,60.98
28/2/2022,63.34
25/2/2022,62.75
24/2/2022,61.68
23/2/2022,58.15
22/2/2022,60.75
18/2/2022,61.41
17/2/2022,63.65
16/2/2022,68.86
15/2/2022,68.82
14/2/2022,63.03
11/2/2022,62.21
10/2/2022,67.08
9/2/2022,69.36
8/2/2022,65.22
7/2/2022,64.23
4/2/2022,63.17
3/2/2022,62.2
2/2/2022,65.56
1/2/2022,63.99
31/1/2022,63.6
28/1/2022,70.33
27/1/2022,67.57
26/1/2022,70.12
25/1/2022,68.74
24/1/2022,71.97
21/1/2022,71.98
20/1/2022,74.36
19/1/2022,77.19
18/1/2022,79.76
14/1/2022,82.96
13/1/2022,81.83
12/1/2022,86.22
11/1/2022,85.66
10/1/2022,84.37
7/1/2022,83.9
6/1/2022,86.77
5/1/2022,85
4/1/2022,90.19
3/1/2022,92.75
31/12/2021,90.57
30/12/2021,91.1
29/12/2021,92.38
28/12/2021,93.37
27/12/2021,95.29
23/12/2021,91.27
22/12/2021,90.53
21/12/2021,89.53
20/12/2021,85.35
17/12/2021,85.61
16/12/2021,87.41
15/12/2021,93.79
14/12/2021,87.26
13/12/2021,86.72
10/12/2021,92.99
9/12/2021,93.89
8/12/2021,98
7/12/2021,99.85
6/12/2021,92.49
3/12/2021,94.51
2/12/2021,98.93
1/12/2021,96.8
30/11/2021,100.62
29/11/2021,102.77
26/11/2021,97.01
24/11/2021,100.61
23/11/2021,97.76
22/11/2021,98.4
19/11/2021,101.57
18/11/2021,97.54
17/11/2021,90.1
16/11/2021,93
15/11/2021,92.46
12/11/2021,93.58
11/11/2021,93.58
10/11/2021,90.71
9/11/2021,94.4
8/11/2021,94.85
5/11/2021,91.62
4/11/2021,91.77
3/11/2021,81.9
2/11/2021,81.3
1/11/2021,79.53
31/10/2021,78.73
29/10/2021,91.07
28/10/2021,88.84
27/10/2021,87.09
26/10/2021,88.04
25/10/2021,82.51
22/10/2021,80.95
21/10/2021,80.83
20/10/2021,78.73
19/10/2021,79.39
18/10/2021,79.15
15/10/2021,77.87
14/10/2021,77.46
13/10/2021,74.58
12/10/2021,73.63
11/10/2021,73.71
8/10/2021,74.2
7/10/2021,75.07
6/10/2021,73.73
5/10/2021,72.84
4/10/2021,70.28
1/10/2021,73.88
30/9/2021,73.79
29/9/2021,73.08
28/9/2021,73.73
27/9/2021,77.15
24/9/2021,78.65
23/9/2021,80.08
22/9/2021,78.15
21/9/2021,75.68
20/9/2021,75.2
17/9/2021,78.01
16/9/2021,79.22
15/9/2021,79.58
14/9/2021,79.22
13/9/2021,78.9
10/9/2021,80.06
9/9/2021,78.99
8/9/2021,79.57
7/9/2021,80.72
3/9/2021,81.36
2/9/2021,79.77
1/9/2021,79.93
31/8/2021,79.73
30/8/2021,80.81
27/8/2021,80.63
26/8/2021,78.6
25/8/2021,79.12
24/8/2021,77.62
23/8/2021,78.21
20/8/2021,74.14
19/8/2021,70.52
18/8/2021,67.82
17/8/2021,69.31
16/8/2021,71.06
13/8/2021,71.91
12/8/2021,70.9
11/8/2021,70.17
10/8/2021,71.01
9/8/2021,72.29
6/8/2021,72.54
5/8/2021,73.51
4/8/2021,72.21
3/8/2021,70.58
2/8/2021,70.35
31/7/2021,69.45
30/7/2021,92.08
29/7/2021,92.85
28/7/2021,92.1
27/7/2021,90.71
26/7/2021,91.12
23/7/2021,92.36
22/7/2021,92.53
21/7/2021,91.66
20/7/2021,87.9
19/7/2021,88.69
16/7/2021,85.77
15/7/2021,89.57
14/7/2021,93.7
13/7/2021,95.63
12/7/2021,96.87
9/7/2021,94.69
8/7/2021,93.99
7/7/2021,96.21
6/7/2021,97.75
2/7/2021,96.75
1/7/2021,95.45
30/6/2021,94.46
29/6/2021,94.58
28/6/2021,94.38
25/6/2021,89.87
24/6/2021,90.7
23/6/2021,90
22/6/2021,89.19
21/6/2021,87.02
18/6/2021,88.02
17/6/2021,88.11
16/6/2021,84.11
15/6/2021,84.01
14/6/2021,85.09
11/6/2021,84.18
10/6/2021,82.29
9/6/2021,81.98
8/6/2021,82.44
7/6/2021,83.21
4/6/2021,83.01
3/6/2021,80.14
2/6/2021,79.24
1/6/2021,76.81
28/5/2021,76.72
27/5/2021,73.14
26/5/2021,74.14
25/5/2021,73.9
24/5/2021,73.73
21/5/2021,70.8
20/5/2021,69.01
19/5/2021,66.43
18/5/2021,66.19
17/5/2021,66.9
14/5/2021,67.26
13/5/2021,64.53
12/5/2021,64.98
11/5/2021,67.56
10/5/2021,67.37
7/5/2021,69.95
6/5/2021,68.59
5/5/2021,68.28
4/5/2021,67.77
3/5/2021,70.07
30/4/2021,70.88
29/4/2021,88.84
28/4/2021,88.56
27/4/2021,89.17
26/4/2021,89.73
23/4/2021,88.49
22/4/2021,86.09
21/4/2021,89.05
20/4/2021,87.95
19/4/2021,89.05
16/4/2021,92.25
15/4/2021,93.55
14/4/2021,88.56
13/4/2021,90.9
12/4/2021,88.17
9/4/2021,83.48
8/4/2021,83
7/4/2021,81.99
6/4/2021,80.36
5/4/2021,81.09
1/4/2021,80.07
31/3/2021,77.38
30/3/2021,74.62
29/3/2021,75.06
26/3/2021,74.43
25/3/2021,72.67
24/3/2021,73.29
23/3/2021,75.77
22/3/2021,76.44
19/3/2021,74.47
18/3/2021,73.75
17/3/2021,77.34
16/3/2021,77.05
15/3/2021,76.47
12/3/2021,74.53
11/3/2021,75.32
10/3/2021,72.28
9/3/2021,72.58
8/3/2021,67.21
5/3/2021,72.24
4/3/2021,71.71
3/3/2021,74.23
2/3/2021,77.72
1/3/2021,80.24
26/2/2021,79.5
25/2/2021,77.14
24/2/2021,84.05
23/2/2021,81.98
22/2/2021,83.22
19/2/2021,86.53
18/2/2021,85.97
17/2/2021,86.41
16/2/2021,88.87
12/2/2021,86.73
11/2/2021,88.41
10/2/2021,85.59
9/2/2021,82.69
8/2/2021,83.7
5/2/2021,78.79
4/2/2021,79.21
3/2/2021,78.44
2/2/2021,78.59
1/2/2021,76.74
31/1/2021,75.3
29/1/2021,84.9
28/1/2021,85.3
27/1/2021,84.43
26/1/2021,87.81
25/1/2021,89.24
22/1/2021,89.62
21/1/2021,90.64
20/1/2021,87.36
19/1/2021,85.13
15/1/2021,84.05
14/1/2021,86.28
13/1/2021,88.44
12/1/2021,88.14
11/1/2021,89.03
8/1/2021,86.78
7/1/2021,87.22
6/1/2021,82.45
5/1/2021,87.61
4/1/2021,85.71
31/12/2020,85.33
30/12/2020,85.92
29/12/2020,84.6
28/12/2020,84.31
24/12/2020,84.93
23/12/2020,85.03
22/12/2020,86.79
21/12/2020,87.14
18/12/2020,86.75
17/12/2020,87.2
16/12/2020,86.55
15/12/2020,87.32
14/12/2020,86.99
11/12/2020,85.05
10/12/2020,84.79
9/12/2020,84.51
8/12/2020,87.25
7/12/2020,88.93
4/12/2020,88.62
3/12/2020,87.56
2/12/2020,88.53
1/12/2020,87.52
30/11/2020,87.59
27/11/2020,86.67
25/11/2020,86.5
24/11/2020,84.69
23/11/2020,85.88
20/11/2020,85.54
19/11/2020,87.84
18/11/2020,87.77
17/11/2020,87.73
16/11/2020,88.34
13/11/2020,86.91
12/11/2020,87.95
11/11/2020,87.7
10/11/2020,83.46
9/11/2020,89.09
6/11/2020,95.18
5/11/2020,92.55
4/11/2020,90.16
3/11/2020,85.09
2/11/2020,82.23
31/10/2020,81.92
30/10/2020,91.99
29/10/2020,95.59
28/10/2020,92.68
27/10/2020,98.32
26/10/2020,96.45
23/10/2020,99.74
22/10/2020,98.06
21/10/2020,99.26
20/10/2020,100.15
19/10/2020,99.07
16/10/2020,101.37
15/10/2020,102.53
14/10/2020,103.45
13/10/2020,104.57
12/10/2020,104.41
9/10/2020,101.01
8/10/2020,101.57
7/10/2020,102.49
6/10/2020,100.82
5/10/2020,100.13
2/10/2020,95.87
1/10/2020,99.92
30/9/2020,99.31
29/9/2020,97.07
28/9/2020,95.67
25/9/2020,94.49
24/9/2020,90.63
23/9/2020,88.98
22/9/2020,92.75
21/9/2020,91.87
18/9/2020,89.46
17/9/2020,91.48
16/9/2020,91.85
15/9/2020,95.35
14/9/2020,94.48
11/9/2020,89.28
10/9/2020,90.36
9/9/2020,93.32
8/9/2020,87.43
4/9/2020,92.64
3/9/2020,95.53
2/9/2020,105.3
1/9/2020,101.44
31/8/2020,98.16
28/8/2020,96.5
27/8/2020,92.68
26/8/2020,93.75
25/8/2020,93.58
24/8/2020,93.36
21/8/2020,93.09
20/8/2020,89.11
19/8/2020,89.09
18/8/2020,89.99
17/8/2020,90.55
14/8/2020,84.87
13/8/2020,83.99
12/8/2020,83.97
11/8/2020,79.63
10/8/2020,81.94
7/8/2020,82.2
6/8/2020,83.2
5/8/2020,82.84
4/8/2020,82.41
3/8/2020,80.81
31/7/2020,77.91
30/7/2020,79.36
29/7/2020,78.25
28/7/2020,76.38
27/7/2020,77.92
24/7/2020,76.22
23/7/2020,75.74
22/7/2020,78.05
21/7/2020,77.22
20/7/2020,78.58
17/7/2020,76.27
16/7/2020,75.77
15/7/2020,76.47
14/7/2020,77.58
13/7/2020,75.16
10/7/2020,78.35
9/7/2020,78.57
8/7/2020,76.38
7/7/2020,73.81
6/7/2020,73.56
2/7/2020,71.87
1/7/2020,71.25
30/6/2020,71.01
29/6/2020,68.78
26/6/2020,68.45
25/6/2020,70.95
24/6/2020,69.05
23/6/2020,70.65
22/6/2020,71.23
19/6/2020,69.24
18/6/2020,68.92
17/6/2020,69.05
16/6/2020,67.8
15/6/2020,68.59
12/6/2020,66.78
11/6/2020,65.77
10/6/2020,70.03
9/6/2020,67.63
8/6/2020,65.83
5/6/2020,66.69
4/6/2020,65.54
3/6/2020,65.57
2/6/2020,65.98
1/6/2020,65.84
29/5/2020,66.36
28/5/2020,63.45
27/5/2020,63.74
26/5/2020,65.18
22/5/2020,67.49
21/5/2020,65.61
20/5/2020,67.07
19/5/2020,65.84
18/5/2020,65.42
15/5/2020,63.48
14/5/2020,60.04
13/5/2020,58.17
12/5/2020,58.34
11/5/2020,60.3
8/5/2020,58.41
7/5/2020,56.98
6/5/2020,55.66
5/5/2020,54.9
4/5/2020,54.45
1/5/2020,52.86
30/4/2020,54.63
29/4/2020,66.03
28/4/2020,64.46
27/4/2020,65.73
24/4/2020,64.07
23/4/2020,62.83
22/4/2020,63.31
21/4/2020,59.63
20/4/2020,63.51
17/4/2020,64.67
16/4/2020,65.2
15/4/2020,62.13
14/4/2020,62.82
13/4/2020,59.7
9/4/2020,58.17
8/4/2020,59.06
7/4/2020,57.31
6/4/2020,59.38
3/4/2020,53.96
2/4/2020,56.52
1/4/2020,53.78
31/3/2020,58.32
30/3/2020,58.76
27/3/2020,55.91
26/3/2020,56.91
25/3/2020,54.34
24/3/2020,55.13
23/3/2020,47.06
20/3/2020,45.52
19/3/2020,47.12
18/3/2020,44.87
17/3/2020,48.07
16/3/2020,43.45
13/3/2020,53.28
12/3/2020,47.86
11/3/2020,54.53
10/3/2020,57.76
9/3/2020,54.3
6/3/2020,58.86
5/3/2020,60.46
4/3/2020,62.94
3/3/2020,58.83
2/3/2020,61.16
28/2/2020,59.75
27/2/2020,55.88
26/2/2020,59.21
25/2/2020,57.98
24/2/2020,60.46
21/2/2020,65.06
20/2/2020,68.3
19/2/2020,69.62
18/2/2020,65.61
14/2/2020,64.11
13/2/2020,59.91
12/2/2020,60.3
11/2/2020,59.27
10/2/2020,58.18
7/2/2020,55.66
6/2/2020,56.25
5/2/2020,55.48
4/2/2020,54.67
3/2/2020,53.17
31/1/2020,52.31
30/1/2020,62.87
29/1/2020,62.8
28/1/2020,63.42
27/1/2020,61.43
24/1/2020,64.06
23/1/2020,64.67
22/1/2020,63.95
21/1/2020,63.41
17/1/2020,63.75
16/1/2020,63.66
15/1/2020,62.81
14/1/2020,63.24
13/1/2020,64.44
10/1/2020,62.49
9/1/2020,62.15
8/1/2020,61.48
7/1/2020,61.36
6/1/2020,60.63
3/1/2020,60.38
2/1/2020,61.36
31/12/2019,60.18
30/12/2019,59.42
27/12/2019,60.58
26/12/2019,61.17
24/12/2019,61.03
23/12/2019,61.08
20/12/2019,61.22
19/12/2019,60.22
18/12/2019,58.7
17/12/2019,58.39
16/12/2019,57.58
13/12/2019,57.29
12/12/2019,57.31
11/12/2019,55.59
10/12/2019,54.73
9/12/2019,54.26
6/12/2019,54.26
5/12/2019,53.39
4/12/2019,53.56
3/12/2019,53.11
2/12/2019,53.52
29/11/2019,55.43
27/11/2019,55.82
26/11/2019,55.5
25/11/2019,56.58
22/11/2019,53.94
21/11/2019,53.75
20/11/2019,54.01
19/11/2019,53.19
18/11/2019,54.29
15/11/2019,52.22
14/11/2019,53.65
13/11/2019,53.34
12/11/2019,53.61
11/11/2019,53.24
8/11/2019,53.14
7/11/2019,53.28
6/11/2019,53.1
5/11/2019,53.61
4/11/2019,53.84
1/11/2019,51.81
31/10/2019,51.41
30/10/2019,45.82
29/10/2019,45.81
28/10/2019,46.68
25/10/2019,46.17
24/10/2019,44.44
23/10/2019,44.04
22/10/2019,44.16
21/10/2019,44.25
18/10/2019,43
17/10/2019,43.86
16/10/2019,43.84
15/10/2019,44.33
14/10/2019,42.11
11/10/2019,41.98
10/10/2019,41.32
9/10/2019,40.79
8/10/2019,40.01
7/10/2019,41.61
4/10/2019,41.08
3/10/2019,40.93
2/10/2019,39.06
1/10/2019,39.28
30/9/2019,39.29
27/9/2019,38.77
26/9/2019,40.03
25/9/2019,40.23
24/9/2019,38.95
23/9/2019,39.47
20/9/2019,38.98
19/9/2019,39.94
18/9/2019,40.63
17/9/2019,40.87
16/9/2019,40.68
13/9/2019,41.07
12/9/2019,41.6
11/9/2019,41.61
10/9/2019,41.35
9/9/2019,40.74
6/9/2019,40.33
5/9/2019,40.57
4/9/2019,38.09
3/9/2019,37.06
30/8/2019,37.81
29/8/2019,37.7
28/8/2019,36.39
27/8/2019,36.52
26/8/2019,37.35
23/8/2019,36.67
22/8/2019,38.71
21/8/2019,38.65
20/8/2019,37.89
19/8/2019,38.55
16/8/2019,36.02
15/8/2019,33.58
14/8/2019,33.88
13/8/2019,35.23
12/8/2019,34.19
9/8/2019,34.8
8/8/2019,35.72
7/8/2019,34.74
6/8/2019,34.39
5/8/2019,34.04
2/8/2019,36.39
1/8/2019,37.23
31/7/2019,38.09
30/7/2019,33.17
29/7/2019,33.05
26/7/2019,33.09
25/7/2019,32.78
24/7/2019,33.77
23/7/2019,33.21
22/7/2019,32.39
19/7/2019,31.84
18/7/2019,32.17
17/7/2019,32.08
16/7/2019,31.58
15/7/2019,31.62
12/7/2019,31.68
11/7/2019,31.43
10/7/2019,30.26
9/7/2019,29.74
8/7/2019,29.72
5/7/2019,30.29
3/7/2019,30.77
2/7/2019,30.67
1/7/2019,31.41
28/6/2019,31.05
27/6/2019,30.86
26/6/2019,30.11
25/6/2019,28.64
24/6/2019,28.86
21/6/2019,28.69
20/6/2019,29.13
19/6/2019,28.95
18/6/2019,28.9
17/6/2019,27.42
14/6/2019,27.34
13/6/2019,28.03
12/6/2019,27.64
11/6/2019,28.5
10/6/2019,28.06
7/6/2019,27.5
6/6/2019,27.18
5/6/2019,26.71
4/6/2019,27.03
3/6/2019,25.29
31/5/2019,25.61
30/5/2019,26.3
29/5/2019,26.53
28/5/2019,27.09
24/5/2019,27.44
23/5/2019,27.85
22/5/2019,28.77
21/5/2019,29.31
20/5/2019,28.69
17/5/2019,29.59
16/5/2019,30.28
15/5/2019,30.17
14/5/2019,30.63
13/5/2019,29.95
10/5/2019,31.91
9/5/2019,32.17
8/5/2019,32.88
7/5/2019,32.72
6/5/2019,34
3/5/2019,34.6
2/5/2019,34.63
1/5/2019,34.12
30/4/2019,34.22
29/4/2019,27.05
26/4/2019,26.86
25/4/2019,28.19
24/4/2019,28.83
23/4/2019,28.76
22/4/2019,28.43
18/4/2019,28.1
17/4/2019,28.25
16/4/2019,28.39
15/4/2019,27.86
12/4/2019,28.66
11/4/2019,28.89
10/4/2019,28.97
9/4/2019,28.55
8/4/2019,28.93
5/4/2019,28.8
4/4/2019,28.4
3/4/2019,28.45
2/4/2019,27.6
1/4/2019,27.49
29/3/2019,27.08
28/3/2019,26.73
27/3/2019,26.62
26/3/2019,26.68
25/3/2019,26.21
22/3/2019,26.77
21/3/2019,27.74
20/3/2019,26.3
19/3/2019,26.5
18/3/2019,25.48
15/3/2019,25.61
14/3/2019,24.97
13/3/2019,25.43
12/3/2019,24.51
11/3/2019,24.3
8/3/2019,22.72
7/3/2019,22.51
6/3/2019,22.93
5/3/2019,23.61
4/3/2019,23.65
1/3/2019,23.6
28/2/2019,23.27
27/2/2019,23.44
26/2/2019,23.7
25/2/2019,23.94
22/2/2019,24.01
21/2/2019,23.49
20/2/2019,23.91
19/2/2019,23.63
15/2/2019,23.73
14/2/2019,23.31
13/2/2019,23.06
12/2/2019,22.8
11/2/2019,22.09
8/2/2019,22.35
7/2/2019,22.24
6/2/2019,23.08
5/2/2019,22.62
4/2/2019,22.5
1/2/2019,21.83
31/1/2019,21.68
30/1/2019,18.34
29/1/2019,17.57
28/1/2019,18.43
25/1/2019,21.38
24/1/2019,21.07
23/1/2019,19.93
22/1/2019,19.86
18/1/2019,20.95
17/1/2019,20.26
16/1/2019,19.87
15/1/2019,20.01
14/1/2019,20.09
11/1/2019,19.87
10/1/2019,19.39
9/1/2019,19.04
8/1/2019,18.67
7/1/2019,19.15
4/1/2019,18.18
3/1/2019,17.09
2/1/2019,18.19
31/12/2018,17.82
28/12/2018,17.84
27/12/2018,17.51
26/12/2018,17.77
24/12/2018,16.97
21/12/2018,17.3
20/12/2018,18.04
19/12/2018,18.49
18/12/2018,19.62
17/12/2018,19.17
14/12/2018,19.55
13/12/2018,19.88
12/12/2018,19.88
11/12/2018,19.78
10/12/2018,20.28
7/12/2018,19.71
6/12/2018,21.13
4/12/2018,20.98
3/12/2018,22.7
30/11/2018,21.82
29/11/2018,21.01
28/11/2018,21.37
27/11/2018,20.52
26/11/2018,20.43
23/11/2018,19.36
21/11/2018,19.32
20/11/2018,19.9
19/11/2018,19.32
16/11/2018,21.95
15/11/2018,27.02
14/11/2018,26.33
13/11/2018,26.61
12/11/2018,25.31
9/11/2018,27.46
8/11/2018,27.5
7/11/2018,28.54
6/11/2018,28.18
5/11/2018,28.27
2/11/2018,28.69
1/11/2018,29.12
31/10/2018,28.15
30/10/2018,29.64
29/10/2018,27.1
26/10/2018,28.95
25/10/2018,30.34
24/10/2018,29.11
23/10/2018,32.27
22/10/2018,33.75
19/10/2018,33.46
18/10/2018,34.97
17/10/2018,35.48
16/10/2018,35.89
15/10/2018,34.36
12/10/2018,35.99
11/10/2018,34.33
10/10/2018,35.87
9/10/2018,38.76
8/10/2018,38.8
5/10/2018,39.4
4/10/2018,40.77
3/10/2018,41.86
2/10/2018,41.82
1/10/2018,42.24
28/9/2018,41.02
27/9/2018,39.04
26/9/2018,38.97
25/9/2018,39.18
24/9/2018,38.79
21/9/2018,38.46
20/9/2018,38.87
19/9/2018,39.71
18/9/2018,39.56
17/9/2018,39.99
14/9/2018,40.35
13/9/2018,39.61
12/9/2018,39.15
11/9/2018,39.82
10/9/2018,40.11
7/9/2018,39.69
6/9/2018,39.81
5/9/2018,40.65
4/9/2018,41.42
31/8/2018,40.98
30/8/2018,40.56
29/8/2018,40.66
28/8/2018,40.06
27/8/2018,40.28
24/8/2018,39.74
23/8/2018,38.95
22/8/2018,38.37
21/8/2018,36.98
20/8/2018,36.18
17/8/2018,35.74
16/8/2018,37.58
15/8/2018,37.82
14/8/2018,38.16
13/8/2018,37.39
10/8/2018,37.2
9/8/2018,37.44
8/8/2018,37.73
7/8/2018,37.51
6/8/2018,37.08
3/8/2018,36.8
2/8/2018,36.59
1/8/2018,35.98
31/7/2018,35.75
30/7/2018,40.62
27/7/2018,41.93
26/7/2018,42.4
25/7/2018,41.91
24/7/2018,41.38
23/7/2018,41.5
20/7/2018,41.75
19/7/2018,41.94
18/7/2018,41.88
17/7/2018,42.21
16/7/2018,41.3
13/7/2018,41.48
12/7/2018,41.8
11/7/2018,41.19
10/7/2018,42.14
9/7/2018,41.47
6/7/2018,41.15
5/7/2018,40.39
3/7/2018,39.41
2/7/2018,40.31
29/6/2018,39.42
28/6/2018,40.08
27/6/2018,39.22
26/6/2018,40.26
25/6/2018,39.79
22/6/2018,41.76
21/6/2018,42.78
20/6/2018,43.65
19/6/2018,43.29
18/6/2018,44.11
15/6/2018,44.14
14/6/2018,44.41
13/6/2018,43.66
12/6/2018,43.69
11/6/2018,43.36
8/6/2018,43.64
7/6/2018,43.74
6/6/2018,44.12
5/6/2018,44.1
4/6/2018,44.07
1/6/2018,42.87
31/5/2018,41.96
30/5/2018,42.09
29/5/2018,41.36
25/5/2018,41.48
24/5/2018,41.21
23/5/2018,41.19
22/5/2018,40.38
21/5/2018,40.64
18/5/2018,40.92
17/5/2018,41.22
16/5/2018,40.93
15/5/2018,40.86
14/5/2018,42.49
11/5/2018,42.35
10/5/2018,43.28
9/5/2018,42.56
8/5/2018,41.66
7/5/2018,41.38
4/5/2018,39.78
3/5/2018,38.77
2/5/2018,37.66
1/5/2018,37.79
30/4/2018,37.42
27/4/2018,46.96
26/4/2018,46.73
25/4/2018,44.95
24/4/2018,45.89
23/4/2018,46.45
20/4/2018,47.45
19/4/2018,47.52
18/4/2018,49.04
17/4/2018,49.28
16/4/2018,48.03
13/4/2018,48.03
12/4/2018,48.67
11/4/2018,46.94
10/4/2018,47.28
9/4/2018,44.69
6/4/2018,44.45
5/4/2018,45.93
4/4/2018,46.94
3/4/2018,46.75
2/4/2018,45.86
29/3/2018,48.05
28/3/2018,45.92
27/3/2018,46.79
26/3/2018,50.72
23/3/2018,48.33
22/3/2018,50.18
21/3/2018,51.57
20/3/2018,51.78
19/3/2018,50
16/3/2018,51.97
15/3/2018,51.73
14/3/2018,51.61
13/3/2018,51.39
12/3/2018,51.82
9/3/2018,50.9
8/3/2018,50.04
7/3/2018,50.17
6/3/2018,50.24
5/3/2018,48.89
2/3/2018,49.07
1/3/2018,48.18
28/2/2018,50.21
27/2/2018,51.05
26/2/2018,51.16
23/2/2018,51.02
22/2/2018,50.24
21/2/2018,50.11
20/2/2018,51.68
16/2/2018,50.59
15/2/2018,51.14
14/2/2018,50.09
13/2/2018,48.26
12/2/2018,47.31
9/2/2018,48.15
8/2/2018,45.13
7/2/2018,47.47
6/2/2018,46.8
5/2/2018,44.34
2/2/2018,48.45
1/2/2018,49.9
31/1/2018,51
30/1/2018,60.23
29/1/2018,61.25
26/1/2018,60.38
25/1/2018,58.65
24/1/2018,58.51
23/1/2018,59.28
22/1/2018,57.99
19/1/2018,57.1
18/1/2018,55.69
17/1/2018,55.76
16/1/2018,54.62
12/1/2018,55.33
11/1/2018,55.6
10/1/2018,55.5
9/1/2018,55.07
8/1/2018,55.09
5/1/2018,53.45
4/1/2018,53
3/1/2018,52.72
2/1/2018,49.47
29/12/2017,48.01
28/12/2017,48.98
27/12/2017,48.93
26/12/2017,48.99
22/12/2017,48.45
21/12/2017,48.61
20/12/2017,48.83
19/12/2017,48.66
18/12/2017,49.11
15/12/2017,47.53
14/12/2017,46.27
13/12/2017,46.2
12/12/2017,47.35
11/12/2017,48.3
8/12/2017,47.52
7/12/2017,47.64
6/12/2017,46.96
5/12/2017,46.59
4/12/2017,46.32
1/12/2017,49.05
30/11/2017,49.8
29/11/2017,48.74
28/11/2017,52.29
27/11/2017,53.14
24/11/2017,53.84
22/11/2017,53.33
21/11/2017,53.61
20/11/2017,53.12
17/11/2017,52.45
16/11/2017,52.51
15/11/2017,52.1
14/11/2017,53.15
13/11/2017,52.76
10/11/2017,53.63
9/11/2017,50.95
8/11/2017,51.9
7/11/2017,52.61
6/11/2017,52.02
3/11/2017,51.78
2/11/2017,51.1
1/11/2017,51.41
31/10/2017,51.32
30/10/2017,57.74
27/10/2017,57.18
26/10/2017,55.44
25/10/2017,54.86
24/10/2017,56.28
23/10/2017,55.7
20/10/2017,55.78
19/10/2017,56.03
18/10/2017,55.97
17/10/2017,56.02
16/10/2017,56.07
13/10/2017,55.12
12/10/2017,54.12
11/10/2017,54.09
10/10/2017,53.52
9/10/2017,52.52
6/10/2017,51.36
5/10/2017,51.21
4/10/2017,51.24
3/10/2017,50.81
2/10/2017,50.71
29/9/2017,50.64
28/9/2017,49.77
27/9/2017,49.78
26/9/2017,48.71
25/9/2017,48.44
22/9/2017,50.71
21/9/2017,51.21
20/9/2017,52.65
19/9/2017,53.07
18/9/2017,53.13
15/9/2017,51.02
14/9/2017,47.99
13/9/2017,48.26
12/9/2017,48.05
11/9/2017,47.88
8/9/2017,46.37
7/9/2017,47.19
6/9/2017,46.97
5/9/2017,47
1/9/2017,48.29
31/8/2017,48
30/8/2017,46.93
29/8/2017,46.66
28/8/2017,46.73
25/8/2017,46.41
24/8/2017,46.8
23/8/2017,46.97
22/8/2017,46.05
21/8/2017,45.08
18/8/2017,45.75
17/8/2017,45.74
16/8/2017,46.78
15/8/2017,47.3
14/8/2017,47.71
11/8/2017,44.18
10/8/2017,46.67
9/8/2017,48.76
8/8/2017,48.24
7/8/2017,48.82
4/8/2017,47.37
3/8/2017,47.16
2/8/2017,46.57
1/8/2017,46.6
31/7/2017,46.04
28/7/2017,54.43
27/7/2017,53.56
26/7/2017,55.38
25/7/2017,54.75
24/7/2017,55.02
21/7/2017,55.66
20/7/2017,55.46
19/7/2017,54.67
18/7/2017,54.95
17/7/2017,54.39
14/7/2017,54.62
13/7/2017,53.19
12/7/2017,53.81
11/7/2017,51.62
10/7/2017,50.89
7/7/2017,48.6
6/7/2017,47.51
5/7/2017,47.37
3/7/2017,46.14
30/6/2017,47.87
29/6/2017,48.57
28/6/2017,50.25
27/6/2017,48.54
26/6/2017,50.38
23/6/2017,50.94
22/6/2017,52.44
21/6/2017,52.8
20/6/2017,52.02
19/6/2017,52.09
16/6/2017,50.21
15/6/2017,50.45
14/6/2017,50.24
13/6/2017,50.13
12/6/2017,49.66
9/6/2017,49.54
8/6/2017,52.96
7/6/2017,49.38
6/6/2017,48.79
5/6/2017,49.01
2/6/2017,47.56
1/6/2017,47.8
31/5/2017,47.8
30/5/2017,47.97
26/5/2017,46.97
25/5/2017,45.78
24/5/2017,45.88
23/5/2017,45.37
22/5/2017,45.99
19/5/2017,45.03
18/5/2017,44.06
17/5/2017,42.29
16/5/2017,45.3
15/5/2017,44.47
12/5/2017,42.35
11/5/2017,41.89
10/5/2017,40.16
9/5/2017,34.09
8/5/2017,34.03
5/5/2017,34.39
4/5/2017,34.39
3/5/2017,34.52
2/5/2017,34.26
1/5/2017,35.31
30/4/2017,34.54
28/4/2017,40.43
27/4/2017,40.95
26/4/2017,40.32
25/4/2017,40.6
24/4/2017,39.9
21/4/2017,39.41
20/4/2017,39.25
19/4/2017,38.64
18/4/2017,38.48
17/4/2017,38.46
13/4/2017,37.01
12/4/2017,37.72
11/4/2017,38.03
10/4/2017,37.9
7/4/2017,38.89
6/4/2017,39.05
5/4/2017,38.77
4/4/2017,39.06
3/4/2017,42.01
31/3/2017,42.22
30/3/2017,42.4
29/3/2017,41.6
28/3/2017,41.74
27/3/2017,41.96
24/3/2017,41.66
23/3/2017,41.51
22/3/2017,41.89
21/3/2017,41.05
20/3/2017,42.42
17/3/2017,41.11
16/3/2017,40.24
15/3/2017,39.75
14/3/2017,39.45
13/3/2017,39.48
10/3/2017,38.42
9/3/2017,38.19
8/3/2017,38.2
7/3/2017,38.27
6/3/2017,37.86
3/3/2017,38.15
2/3/2017,38.37
1/3/2017,39.84
28/2/2017,39.33
27/2/2017,40.47
24/2/2017,39.33
23/2/2017,38.95
22/2/2017,42.93
21/2/2017,43.05
17/2/2017,41.56
16/2/2017,41.57
15/2/2017,42.25
14/2/2017,42.16
13/2/2017,42.01
10/2/2017,44.04
9/2/2017,45.11
8/2/2017,45.97
7/2/2017,46.17
6/2/2017,45.47
3/2/2017,44.33
2/2/2017,44.72
1/2/2017,44.17
31/1/2017,42.32
30/1/2017,56.71
27/1/2017,57.61
26/1/2017,56.52
25/1/2017,55.56
24/1/2017,55.32
23/1/2017,54.17
20/1/2017,53.61
19/1/2017,54.21
18/1/2017,53.07
17/1/2017,52.12
13/1/2017,53.31
12/1/2017,53.32
11/1/2017,54.21
10/1/2017,54.88
9/1/2017,55.3
6/1/2017,53.14
5/1/2017,52.44
4/1/2017,53.81
3/1/2017,52.58
30/12/2016,55.02
29/12/2016,57.44
28/12/2016,56.31
27/12/2016,60.47
23/12/2016,56.59
22/12/2016,55.21
21/12/2016,54.55
20/12/2016,54.21
19/12/2016,52.39
16/12/2016,51.76
15/12/2016,50.88
14/12/2016,49.72
13/12/2016,46.99
12/12/2016,46.18
9/12/2016,47.33
8/12/2016,48.19
7/12/2016,49.01
6/12/2016,48.14
5/12/2016,47.36
2/12/2016,45.59
1/12/2016,45.18
30/11/2016,47.53
29/11/2016,48.07
28/11/2016,48.51
25/11/2016,48.54
23/11/2016,48.44
22/11/2016,48.27
21/11/2016,47.93
18/11/2016,48.12
17/11/2016,47.62
16/11/2016,47.23
15/11/2016,44.43
14/11/2016,43.11
11/11/2016,45.35
10/11/2016,34.93
9/11/2016,36.06
8/11/2016,36.68
7/11/2016,36.74
4/11/2016,34.83
3/11/2016,35.03
2/11/2016,35.44
1/11/2016,35.59
31/10/2016,36.68
28/10/2016,45.52
27/10/2016,45.6
26/10/2016,46.55
25/10/2016,46.37
24/10/2016,45.62
21/10/2016,43.57
20/10/2016,43.7
19/10/2016,42.88
18/10/2016,42.97
17/10/2016,42.33
14/10/2016,42.57
13/10/2016,42.16
12/10/2016,42.86
11/10/2016,42.66
10/10/2016,43.29
7/10/2016,43.13
6/10/2016,43.45
5/10/2016,44.02
4/10/2016,44.06
3/10/2016,44.16
30/9/2016,44.21
29/9/2016,43.48
28/9/2016,43.08
27/9/2016,42.93
26/9/2016,41.51
23/9/2016,41.9
22/9/2016,41.95
21/9/2016,41.85
20/9/2016,40.7
19/9/2016,41.08
16/9/2016,40.54
15/9/2016,40.45
14/9/2016,38.97
13/9/2016,38.63
12/9/2016,39.19
9/9/2016,38.4
8/9/2016,40.41
7/9/2016,40.12
6/9/2016,40.72
2/9/2016,40.34
1/9/2016,40.74
31/8/2016,39.57
30/8/2016,39.76
29/8/2016,39.99
26/8/2016,40.02
25/8/2016,39.7
24/8/2016,39.96
23/8/2016,40.59
22/8/2016,40.34
19/8/2016,40.17
18/8/2016,40.06
17/8/2016,39.45
16/8/2016,40.39
15/8/2016,40.63
12/8/2016,40.67
11/8/2016,38.52
10/8/2016,37.75
9/8/2016,37.99
8/8/2016,37.9
5/8/2016,37.55
4/8/2016,36.92
3/8/2016,36.25
2/8/2016,36.15
1/8/2016,36.6
31/7/2016,36.84
29/7/2016,47.98
28/7/2016,47.21
27/7/2016,47.11
26/7/2016,47.59
25/7/2016,46.79
22/7/2016,45.94
21/7/2016,44.72
20/7/2016,45.56
19/7/2016,44.97
18/7/2016,44.51
15/7/2016,44.29
14/7/2016,44.81
13/7/2016,44.35
12/7/2016,44.37
11/7/2016,43.71
8/7/2016,42.73
7/7/2016,41.08
6/7/2016,40.04
5/7/2016,39.79
1/7/2016,39.21
30/6/2016,39.5
29/6/2016,39.2
28/6/2016,38.57
27/6/2016,38.02
24/6/2016,38.43
23/6/2016,40.75
22/6/2016,39.69
21/6/2016,39.72
20/6/2016,39.97
17/6/2016,39.26
16/6/2016,39.96
15/6/2016,39.8
14/6/2016,39.4
13/6/2016,39.32
10/6/2016,38.82
9/6/2016,39.82
8/6/2016,38.81
7/6/2016,38.93
6/6/2016,38.86
3/6/2016,39.06
2/6/2016,39.61
1/6/2016,39.34
31/5/2016,39.26
27/5/2016,38.57
26/5/2016,38.36
25/5/2016,37.96
24/5/2016,38.12
23/5/2016,37.31
20/5/2016,37.25
19/5/2016,36.6
18/5/2016,36.44
17/5/2016,35.53
16/5/2016,35.45
13/5/2016,34.44
12/5/2016,29.89
11/5/2016,30.3
10/5/2016,30.22
9/5/2016,29.65
6/5/2016,29.69
5/5/2016,29.39
4/5/2016,29.21
3/5/2016,29.89
2/5/2016,30.25
30/4/2016,29.86
29/4/2016,32.9
28/4/2016,33.52
27/4/2016,34.55
26/4/2016,33.78
25/4/2016,33.75
22/4/2016,33.58
21/4/2016,33.71
20/4/2016,33.75
19/4/2016,33.62
18/4/2016,34.23
15/4/2016,34.38
14/4/2016,34.11
13/4/2016,34.02
12/4/2016,33.19
11/4/2016,33.22
8/4/2016,33.02
7/4/2016,32.81
6/4/2016,33.15
5/4/2016,33.1
4/4/2016,33.15
1/4/2016,33.47
31/3/2016,32.99
30/3/2016,33.11
29/3/2016,32.77
28/3/2016,32.25
24/3/2016,31.93
23/3/2016,31.88
22/3/2016,31.34
21/3/2016,31.4
18/3/2016,31.31
17/3/2016,30.39
16/3/2016,30.65
15/3/2016,29.76
14/3/2016,29.91
11/3/2016,29.83
10/3/2016,29.33
9/3/2016,29.38
8/3/2016,29.4
7/3/2016,29.94
4/3/2016,30.14
3/3/2016,30.23
2/3/2016,30.5
1/3/2016,30.32
29/2/2016,29.04
26/2/2016,29.33
25/2/2016,29.53
24/2/2016,29.46
23/2/2016,29.26
22/2/2016,29.19
19/2/2016,28.19
18/2/2016,27.81
17/2/2016,25.61
16/2/2016,24.99
12/2/2016,23.82
11/2/2016,23.43
10/2/2016,23.55
9/2/2016,23.6
8/2/2016,23.35
5/2/2016,24.47
4/2/2016,26.12
3/2/2016,26.11
2/2/2016,25.98
1/2/2016,27.13
31/1/2016,27.12
29/1/2016,27.12
28/1/2016,25.97
27/1/2016,26.26
26/1/2016,26.57
25/1/2016,26.31
22/1/2016,26.34
21/1/2016,25.74
20/1/2016,25.44
19/1/2016,25.31
15/1/2016,25.1
14/1/2016,26.55
13/1/2016,27.09
12/1/2016,27.94
11/1/2016,27.48
8/1/2016,27.44
7/1/2016,28.04
6/1/2016,29.19
5/1/2016,30.45
4/1/2016,29.97
31/12/2015,30.52
30/12/2015,30.92
29/12/2015,31.19
28/12/2015,30.69
24/12/2015,30.71
23/12/2015,30.61
22/12/2015,30.49
21/12/2015,30.46
18/12/2015,29.76
17/12/2015,30.25
16/12/2015,30.71
15/12/2015,30.53
14/12/2015,30.16
11/12/2015,30.08
10/12/2015,30.54
9/12/2015,30.29
8/12/2015,31.07
7/12/2015,30.66
4/12/2015,31.25
3/12/2015,30.03
2/12/2015,30.09
1/12/2015,30.32
30/11/2015,29.37
27/11/2015,29.06
25/11/2015,28.82
24/11/2015,28.86
23/11/2015,28.63
20/11/2015,29.06
19/11/2015,28.81
18/11/2015,28.73
17/11/2015,28.15
16/11/2015,28.15
13/11/2015,27.59
12/11/2015,28.15
11/11/2015,28.25
10/11/2015,28.53
9/11/2015,29.08
6/11/2015,29.21
5/11/2015,25.66
4/11/2015,25.95
3/11/2015,26.39
2/11/2015,26.57
31/10/2015,26.27
30/10/2015,29.86
29/10/2015,29.14
28/10/2015,30.18
27/10/2015,29.94
26/10/2015,29.96
23/10/2015,30.09
22/10/2015,29.89
21/10/2015,28.85
20/10/2015,29.23
19/10/2015,29.27
16/10/2015,29.33
15/10/2015,28.87
14/10/2015,28.8
13/10/2015,27.79
12/10/2015,27.74
9/10/2015,27.44
8/10/2015,27.55
7/10/2015,27.39
6/10/2015,27.11
5/10/2015,26.76
2/10/2015,26.11
1/10/2015,25.44
30/9/2015,25.95
29/9/2015,24.96
28/9/2015,24.53
25/9/2015,24.85
24/9/2015,24.67
23/9/2015,24.21
22/9/2015,24.09
21/9/2015,24.77
18/9/2015,24.52
17/9/2015,24.54
16/9/2015,24.32
15/9/2015,24.15
14/9/2015,23.88
11/9/2015,23.84
10/9/2015,23.77
9/9/2015,23.4
8/9/2015,23.87
4/9/2015,22.89
3/9/2015,23.44
2/9/2015,23.38
1/9/2015,22.69
31/8/2015,23.66
28/8/2015,23.93
27/8/2015,23.82
26/8/2015,22.96
25/8/2015,21.35
24/8/2015,21.8
21/8/2015,22.6
20/8/2015,23.33
19/8/2015,24.2
18/8/2015,24.29
17/8/2015,24.62
14/8/2015,24.78
13/8/2015,24.76
12/8/2015,24.97
11/8/2015,24.91
10/8/2015,25.03
7/8/2015,24.19
6/8/2015,21.53
5/8/2015,21.66
4/8/2015,21.44
3/8/2015,21.36
31/7/2015,21
30/7/2015,17.88
29/7/2015,17.83
28/7/2015,17.62
27/7/2015,17.24
24/7/2015,17.34
23/7/2015,17.54
22/7/2015,17.33
21/7/2015,17.67
20/7/2015,17.59
17/7/2015,17.92
16/7/2015,18.03
15/7/2015,17.63
14/7/2015,17.76
13/7/2015,17.75
10/7/2015,17.63
9/7/2015,17.33
8/7/2015,17.54
7/7/2015,17.67
6/7/2015,18.01
2/7/2015,18.23
1/7/2015,18.21
30/6/2015,17.96
29/6/2015,17.96
26/6/2015,18.52
25/6/2015,18.9
24/6/2015,18.76
23/6/2015,18.95
22/6/2015,19.44
19/6/2015,19.53
18/6/2015,19.59
17/6/2015,19.27
16/6/2015,19.04
15/6/2015,18.81
12/6/2015,18.85
11/6/2015,19.38
10/6/2015,19.17
9/6/2015,19.52
8/6/2015,19.42
5/6/2015,19.88
4/6/2015,19.72
3/6/2015,19.38
2/6/2015,19.58
1/6/2015,19.98
29/5/2015,19.76
28/5/2015,19.77
27/5/2015,19.5
26/5/2015,18.51
22/5/2015,18.62
21/5/2015,18.65
20/5/2015,18.79
19/5/2015,18.79
18/5/2015,18.99
15/5/2015,19.02
14/5/2015,19.01
13/5/2015,18.71
12/5/2015,18.6
11/5/2015,18.42
8/5/2015,18.59
7/5/2015,20.08
6/5/2015,19.73
5/5/2015,19.67
4/5/2015,20.19
1/5/2015,20.31
30/4/2015,19.82
29/4/2015,19.77
28/4/2015,19.92
27/4/2015,19.82
24/4/2015,19.67
23/4/2015,19.84
22/4/2015,19.92
21/4/2015,19.69
20/4/2015,19.72
17/4/2015,19.82
16/4/2015,20.08
15/4/2015,20.21
14/4/2015,19.96
13/4/2015,20.13
10/4/2015,20.32
9/4/2015,20.11
8/4/2015,19.66
7/4/2015,19.52
6/4/2015,19.34
2/4/2015,18.8
1/4/2015,18.76
31/3/2015,18.68
30/3/2015,19.17
27/3/2015,19.09
26/3/2015,18.72
25/3/2015,18.79
24/3/2015,20
23/3/2015,20.28
20/3/2015,20.96
19/3/2015,20.73
18/3/2015,20.42
17/3/2015,20.76
16/3/2015,20.51
13/3/2015,20.27
12/3/2015,20.24
11/3/2015,20.43
10/3/2015,20.53
9/3/2015,20.19
6/3/2015,20.13
5/3/2015,20.41
4/3/2015,20.03
3/3/2015,19.8
2/3/2015,20.17
27/2/2015,19.7
26/2/2015,19.82
25/2/2015,19.77
24/2/2015,19.92
23/2/2015,19.79
20/2/2015,19.94
19/2/2015,19.8
18/2/2015,19.75
17/2/2015,19.98
13/2/2015,19.92
12/2/2015,19.91
11/2/2015,18.58
10/2/2015,18.71
9/2/2015,18.2
6/2/2015,18.21
5/2/2015,18.29
4/2/2015,18
3/2/2015,17.96
2/2/2015,17.52
31/1/2015,17.15
30/1/2015,18.83
29/1/2015,19.39
28/1/2015,18.93
27/1/2015,19.25
26/1/2015,20.21
23/1/2015,20.3
22/1/2015,20.25
21/1/2015,19.9
20/1/2015,19.63
16/1/2015,19.57
15/1/2015,19.22
14/1/2015,19.35
13/1/2015,19.27
12/1/2015,19.3
9/1/2015,19.55
8/1/2015,19.47
7/1/2015,18.76
6/1/2015,18.81
5/1/2015,19.4
2/1/2015,19.74
31/12/2014,19.66
30/12/2014,19.97
29/12/2014,20.16
26/12/2014,20.19
24/12/2014,20.17
23/12/2014,20.25
22/12/2014,20.37
19/12/2014,20.02
18/12/2014,19.82
17/12/2014,19.75
16/12/2014,18.97
15/12/2014,19.19
12/12/2014,19.25
11/12/2014,19.86
10/12/2014,19.87
9/12/2014,20.32
8/12/2014,20.39
5/12/2014,20.66
4/12/2014,20.54
3/12/2014,20.73
2/12/2014,20.21
1/12/2014,20.18
28/11/2014,20.56
26/11/2014,20.5
25/11/2014,20.17
24/11/2014,20.18
21/11/2014,20.05
20/11/2014,19.94
19/11/2014,19.62
18/11/2014,19.77
17/11/2014,19.31
14/11/2014,19.4
13/11/2014,19.17
12/11/2014,19.26
11/11/2014,19.39
10/11/2014,19.63
7/11/2014,19.4
6/11/2014,19.82
5/11/2014,19.74
4/11/2014,19.74
3/11/2014,19.48
31/10/2014,19.16
30/10/2014,20.54
29/10/2014,20.66
28/10/2014,20.8
27/10/2014,20.32
24/10/2014,20.31
23/10/2014,20.09
22/10/2014,19.66
21/10/2014,20.13
20/10/2014,19.31
17/10/2014,19.14
16/10/2014,19.18
15/10/2014,19.16
14/10/2014,18.87
13/10/2014,18.45
10/10/2014,18.51
9/10/2014,19.68
8/10/2014,20.07
7/10/2014,19.7
6/10/2014,19.91
3/10/2014,20.03
2/10/2014,19.99
1/10/2014,20.08
30/9/2014,20.27
29/9/2014,20.35
26/9/2014,20.38
25/9/2014,20.34
24/9/2014,20.79
23/9/2014,20.67
22/9/2014,20.76
19/9/2014,20.97
18/9/2014,21.36
17/9/2014,21.04
16/9/2014,21.03
15/9/2014,20.73
12/9/2014,21.01
11/9/2014,21.33
10/9/2014,21.55
9/9/2014,21.47
8/9/2014,21.75
5/9/2014,21.95
4/9/2014,22.01
3/9/2014,21.63
2/9/2014,21.42
29/8/2014,21.37
28/8/2014,21.31
27/8/2014,21.13
26/8/2014,21.38
25/8/2014,21
22/8/2014,20.97
21/8/2014,20.96
20/8/2014,21.15
19/8/2014,21.29
18/8/2014,21.21
15/8/2014,20.92
14/8/2014,20.66
13/8/2014,20.89
12/8/2014,20.77
11/8/2014,20.77
8/8/2014,20.88
7/8/2014,19.19
6/8/2014,19.38
5/8/2014,19.41
4/8/2014,19.4
1/8/2014,19.44
31/7/2014,19.23
30/7/2014,21.27
29/7/2014,20.92
28/7/2014,20.85
25/7/2014,20.93
24/7/2014,21.31
23/7/2014,21.27
22/7/2014,21.73
21/7/2014,21.82
18/7/2014,21.69
17/7/2014,22.71
16/7/2014,22.76
15/7/2014,22.79
14/7/2014,22.69
11/7/2014,22.41
10/7/2014,22.36
9/7/2014,22.48
8/7/2014,21.82
7/7/2014,22
3/7/2014,22.18
2/7/2014,21.98
1/7/2014,22.06
30/6/2014,21.81
27/6/2014,21.62
26/6/2014,21.6
25/6/2014,21.89
24/6/2014,21.67
23/6/2014,22.01
20/6/2014,22.27
19/6/2014,22.52
18/6/2014,23.05
17/6/2014,23.07
16/6/2014,22.92
13/6/2014,22.99
12/6/2014,22.96
11/6/2014,22.82
10/6/2014,22.53
9/6/2014,22.41
6/6/2014,22.39
5/6/2014,22.31
4/6/2014,22.21
3/6/2014,22.19
2/6/2014,22.28
30/5/2014,22.35
29/5/2014,22.29
28/5/2014,22.33
27/5/2014,22.14
23/5/2014,21.75
22/5/2014,21.55
21/5/2014,21.46
20/5/2014,21.46
19/5/2014,21.81
16/5/2014,21.13
15/5/2014,21.18
14/5/2014,21.29
13/5/2014,21.51
12/5/2014,21.86
9/5/2014,21.24
8/5/2014,21.76
7/5/2014,21.5
6/5/2014,21.47
5/5/2014,21.92
2/5/2014,21.68
1/5/2014,21.85
30/4/2014,21.73
29/4/2014,25.26
28/4/2014,25.2
25/4/2014,25.31
24/4/2014,26.03
23/4/2014,25.8
22/4/2014,25.5
21/4/2014,25.28
17/4/2014,25.08
16/4/2014,24.99
15/4/2014,24.93
14/4/2014,24.76
11/4/2014,24.49
10/4/2014,24.84
9/4/2014,25.46
8/4/2014,25.49
7/4/2014,24.61
4/4/2014,24.53
3/4/2014,25.31
2/4/2014,25.04
1/4/2014,25.2
31/3/2014,24.2
28/3/2014,24.19
27/3/2014,24.04
26/3/2014,24.36
25/3/2014,24.93
24/3/2014,24.93
21/3/2014,25.05
20/3/2014,25.09
19/3/2014,25.07
18/3/2014,24.65
17/3/2014,24.08
14/3/2014,24.08
13/3/2014,23.97
12/3/2014,24.76
11/3/2014,24.69
10/3/2014,24.45
7/3/2014,24.81
6/3/2014,24.84
5/3/2014,25.19
4/3/2014,24.97
3/3/2014,24.72
28/2/2014,24.84
27/2/2014,25
26/2/2014,25.28
25/2/2014,25.32
24/2/2014,25.55
21/2/2014,25.19
20/2/2014,25.38
19/2/2014,24.51
18/2/2014,24.19
14/2/2014,24.2
13/2/2014,23.46
12/2/2014,22.74
11/2/2014,21.96
10/2/2014,21.51
7/2/2014,21.45
6/2/2014,21.14
5/2/2014,20.86
4/2/2014,21.05
3/2/2014,20.93
31/1/2014,21.22
30/1/2014,20.42
29/1/2014,20.08
28/1/2014,20.27
27/1/2014,20.08
24/1/2014,20.21
23/1/2014,20.74
22/1/2014,20.82
21/1/2014,20.84
17/1/2014,20.77
16/1/2014,20.86
15/1/2014,20.79
14/1/2014,20.57
13/1/2014,19.95
10/1/2014,20.43
9/1/2014,20.45
8/1/2014,21.25
7/1/2014,20.96
6/1/2014,20.62
3/1/2014,20.35
2/1/2014,20.6
